file,tier,label,start_s,end_s,duration_s
F2BJRLP2,phones,i,0.0,0.13,0.13
F2BJRLP2,phones,n,0.13,0.17,0.04000000000000001
F2BJRLP2,phones,n,0.17,0.21,0.03999999999999998
F2BJRLP2,phones,aj,0.21,0.31,0.1
F2BJRLP2,phones,n,0.31,0.34,0.030000000000000027
F2BJRLP2,phones,ʈ,0.34,0.42,0.07999999999999996
F2BJRLP2,phones,iː,0.42,0.48,0.06
F2BJRLP2,phones,n,0.48,0.54,0.06000000000000005
F2BJRLP2,phones,s,0.54,0.63,0.08999999999999997
F2BJRLP2,phones,ɛ,0.63,0.7,0.06999999999999995
F2BJRLP2,phones,v,0.7,0.74,0.040000000000000036
F2BJRLP2,phones,ə,0.74,0.78,0.040000000000000036
F2BJRLP2,phones,n,0.78,0.81,0.030000000000000027
F2BJRLP2,phones,tʲ,0.81,0.84,0.029999999999999916
F2BJRLP2,phones,i,0.84,0.91,0.07000000000000006
F2BJRLP2,phones,s,0.91,1.05,0.14
F2BJRLP2,phones,i,1.05,1.18,0.1299999999999999
F2BJRLP2,phones,k,1.18,1.29,0.1100000000000001
F2BJRLP2,phones,s,1.29,1.38,0.08999999999999986
F2BJRLP2,phones,d,1.38,1.56,0.18000000000000016
F2BJRLP2,phones,ɛ,1.56,1.62,0.06000000000000005
F2BJRLP2,phones,m,1.62,1.66,0.039999999999999813
F2BJRLP2,phones,ɔ,1.66,1.7,0.040000000000000036
F2BJRLP2,phones,k,1.7,1.79,0.09000000000000008
F2BJRLP2,phones,ɹ,1.79,1.83,0.040000000000000036
F2BJRLP2,phones,a,1.83,1.91,0.07999999999999985
F2BJRLP2,phones,tʲ,1.91,1.94,0.030000000000000027
F2BJRLP2,phones,i,1.94,2.0,0.06000000000000005
F2BJRLP2,phones,k,2.0,2.05,0.04999999999999982
F2BJRLP2,phones,ɡ,2.05,2.11,0.06000000000000005
F2BJRLP2,phones,ɐ,2.11,2.18,0.07000000000000028
F2BJRLP2,phones,v,2.18,2.23,0.04999999999999982
F2BJRLP2,phones,ə,2.23,2.28,0.04999999999999982
F2BJRLP2,phones,n,2.28,2.31,0.03000000000000025
F2BJRLP2,phones,ə,2.31,2.41,0.10000000000000009
F2BJRLP2,phones,m,2.41,2.47,0.06000000000000005
F2BJRLP2,phones,aj,2.47,2.58,0.10999999999999988
F2BJRLP2,phones,k,2.58,2.66,0.08000000000000007
F2BJRLP2,phones,ə,2.66,2.69,0.029999999999999805
F2BJRLP2,phones,l,2.69,2.75,0.06000000000000005
F2BJRLP2,phones,spn,2.75,3.35,0.6000000000000001
F2BJRLP2,phones,f,3.63,3.69,0.06000000000000005
F2BJRLP2,phones,ə,3.69,3.74,0.050000000000000266
F2BJRLP2,phones,fʲ,3.74,3.84,0.09999999999999964
F2BJRLP2,phones,ɪ,3.84,3.89,0.050000000000000266
F2BJRLP2,phones,ɫ,3.89,3.98,0.08999999999999986
F2BJRLP2,phones,d,3.98,4.06,0.07999999999999963
F2BJRLP2,phones,a,4.06,4.12,0.0600000000000005
F2BJRLP2,phones,cʰ,4.12,4.24,0.1200000000000001
F2BJRLP2,phones,æ,4.24,4.36,0.1200000000000001
F2BJRLP2,phones,m,4.36,4.39,0.02999999999999936
F2BJRLP2,phones,pʰ,4.39,4.48,0.09000000000000075
F2BJRLP2,phones,ej,4.48,4.62,0.13999999999999968
F2BJRLP2,phones,n,4.62,4.67,0.04999999999999982
F2BJRLP2,phones,p,4.67,4.76,0.08999999999999986
F2BJRLP2,phones,ɹ,4.76,4.81,0.04999999999999982
F2BJRLP2,phones,ɑ,4.81,4.91,0.10000000000000053
F2BJRLP2,phones,mʲ,4.91,4.96,0.04999999999999982
F2BJRLP2,phones,ɪ,4.96,5.07,0.11000000000000032
F2BJRLP2,phones,s,5.07,5.22,0.14999999999999947
F2BJRLP2,phones,ə,5.29,5.41,0.1200000000000001
F2BJRLP2,phones,d,5.41,5.54,0.1299999999999999
F2BJRLP2,phones,ə,5.54,5.57,0.03000000000000025
F2BJRLP2,phones,spn,5.57,6.52,0.9499999999999993
F2BJRLP2,phones,dʒ,6.52,6.63,0.11000000000000032
F2BJRLP2,phones,u,6.63,6.67,0.040000000000000036
F2BJRLP2,phones,dʲ,6.67,6.75,0.08000000000000007
F2BJRLP2,phones,i,6.75,6.81,0.05999999999999961
F2BJRLP2,phones,ʃ,6.81,6.92,0.11000000000000032
F2BJRLP2,phones,a,6.92,6.96,0.040000000000000036
F2BJRLP2,phones,ɫ,6.96,7.05,0.08999999999999986
F2BJRLP2,phones,a,7.05,7.08,0.03000000000000025
F2BJRLP2,phones,pʰ,7.08,7.2,0.1200000000000001
F2BJRLP2,phones,ɔj,7.2,7.32,0.1200000000000001
F2BJRLP2,phones,n,7.32,7.35,0.02999999999999936
F2BJRLP2,phones,t,7.35,7.38,0.03000000000000025
F2BJRLP2,phones,m,7.38,7.42,0.040000000000000036
F2BJRLP2,phones,ɛ,7.42,7.49,0.07000000000000028
F2BJRLP2,phones,n,7.49,7.52,0.02999999999999936
F2BJRLP2,phones,t,7.52,7.58,0.0600000000000005
F2BJRLP2,phones,s,7.58,7.76,0.17999999999999972
F2BJRLP2,phones,ç,7.79,8.1,0.3099999999999996
F2BJRLP2,phones,i,8.1,8.16,0.0600000000000005
F2BJRLP2,phones,n,8.16,8.21,0.05000000000000071
F2BJRLP2,phones,e,8.21,8.35,0.1399999999999988
F2BJRLP2,phones,m,8.35,8.42,0.07000000000000028
F2BJRLP2,phones,d,8.42,8.5,0.08000000000000007
F2BJRLP2,phones,ɹ,8.5,8.55,0.05000000000000071
F2BJRLP2,phones,ɪ,8.55,8.62,0.06999999999999851
F2BJRLP2,phones,p,8.62,8.72,0.10000000000000142
F2BJRLP2,phones,ə,8.72,8.8,0.08000000000000007
F2BJRLP2,phones,b,8.8,8.83,0.02999999999999936
F2BJRLP2,phones,ʎ,8.83,8.93,0.09999999999999964
F2BJRLP2,phones,ɪ,8.93,8.97,0.040000000000000924
F2BJRLP2,phones,k,8.97,9.04,0.06999999999999851
F2BJRLP2,phones,ə,9.04,9.13,0.09000000000000163
F2BJRLP2,phones,n,9.13,9.18,0.049999999999998934
F2BJRLP2,phones,ɛ,9.18,9.35,0.16999999999999993
F2BJRLP2,phones,d,9.35,9.4,0.05000000000000071
F2BJRLP2,phones,w,9.4,9.45,0.049999999999998934
F2BJRLP2,phones,a,9.45,9.5,0.05000000000000071
F2BJRLP2,phones,d,9.5,9.55,0.05000000000000071
F2BJRLP2,phones,h,9.55,9.63,0.08000000000000007
F2BJRLP2,phones,ɛ,9.63,9.68,0.049999999999998934
F2BJRLP2,phones,n,9.68,9.72,0.040000000000000924
F2BJRLP2,phones,ə,9.72,9.79,0.06999999999999851
F2BJRLP2,phones,s,9.79,9.94,0.15000000000000036
F2BJRLP2,phones,i,9.94,10.11,0.16999999999999993
F2BJRLP2,phones,ə,10.22,10.27,0.049999999999998934
F2BJRLP2,phones,h,10.27,10.36,0.08999999999999986
F2BJRLP2,phones,ɛ,10.36,10.46,0.10000000000000142
F2BJRLP2,phones,d,10.46,10.52,0.05999999999999872
F2BJRLP2,phones,ð,10.52,10.57,0.05000000000000071
F2BJRLP2,phones,a,10.57,10.6,0.02999999999999936
F2BJRLP2,phones,s,10.6,10.73,0.13000000000000078
F2BJRLP2,phones,t,10.73,10.78,0.049999999999998934
F2BJRLP2,phones,e,10.78,10.9,0.120000000000001
F2BJRLP2,phones,t,10.9,10.96,0.0600000000000005
F2BJRLP2,phones,s,10.96,11.05,0.08999999999999986
F2BJRLP2,phones,j,11.05,11.08,0.02999999999999936
F2BJRLP2,phones,uː,11.08,11.11,0.02999999999999936
F2BJRLP2,phones,p,11.11,11.21,0.10000000000000142
F2BJRLP2,phones,ɹ,11.21,11.26,0.049999999999998934
F2BJRLP2,phones,iː,11.26,11.35,0.08999999999999986
F2BJRLP2,phones,m,11.35,11.42,0.07000000000000028
F2BJRLP2,phones,dʒ,11.42,11.5,0.08000000000000007
F2BJRLP2,phones,u,11.5,11.53,0.02999999999999936
F2BJRLP2,phones,dʲ,11.53,11.61,0.08000000000000007
F2BJRLP2,phones,i,11.61,11.67,0.0600000000000005
F2BJRLP2,phones,ʃ,11.67,11.78,0.10999999999999943
F2BJRLP2,phones,a,11.78,11.82,0.040000000000000924
F2BJRLP2,phones,ɫ,11.82,11.86,0.03999999999999915
F2BJRLP2,phones,k,11.86,12.05,0.19000000000000128
F2BJRLP2,phones,ɒː,12.05,12.19,0.1399999999999988
F2BJRLP2,phones,ʈ,12.19,12.23,0.040000000000000924
F2BJRLP2,phones,f,13.03,13.15,0.120000000000001
F2BJRLP2,phones,a,13.15,13.19,0.03999999999999915
F2BJRLP2,phones,h,13.19,13.26,0.07000000000000028
F2BJRLP2,phones,ɛ,13.26,13.31,0.05000000000000071
F2BJRLP2,phones,n,13.31,13.34,0.02999999999999936
F2BJRLP2,phones,ə,13.34,13.41,0.07000000000000028
F2BJRLP2,phones,s,13.41,13.52,0.10999999999999943
F2BJRLP2,phones,i,13.52,13.61,0.08999999999999986
F2BJRLP2,phones,i,13.61,13.64,0.030000000000001137
F2BJRLP2,phones,t,13.64,13.7,0.05999999999999872
F2BJRLP2,phones,ʋ,13.7,13.75,0.05000000000000071
F2BJRLP2,phones,ɒ,13.75,13.82,0.07000000000000028
F2BJRLP2,phones,z,13.82,13.89,0.07000000000000028
F2BJRLP2,phones,a,13.89,13.94,0.049999999999998934
F2BJRLP2,phones,n,13.94,14.01,0.07000000000000028
F2BJRLP2,phones,ɐ,14.01,14.08,0.07000000000000028
F2BJRLP2,phones,ð,14.08,14.12,0.03999999999999915
F2BJRLP2,phones,ə,14.12,14.2,0.08000000000000007
F2BJRLP2,phones,s,14.2,14.34,0.14000000000000057
F2BJRLP2,phones,t,14.34,14.41,0.07000000000000028
F2BJRLP2,phones,ɛ,14.41,14.56,0.15000000000000036
F2BJRLP2,phones,p,14.56,14.69,0.129999999999999
F2BJRLP2,phones,a,14.69,14.72,0.030000000000001137
F2BJRLP2,phones,l,14.72,14.81,0.08999999999999986
F2BJRLP2,phones,ɔ,14.81,14.92,0.10999999999999943
F2BJRLP2,phones,ŋ,14.92,14.96,0.040000000000000924
F2BJRLP2,phones,ɡ,14.96,14.99,0.02999999999999936
F2BJRLP2,phones,a,14.99,15.05,0.0600000000000005
F2BJRLP2,phones,dʲ,15.05,15.15,0.09999999999999964
F2BJRLP2,phones,i,15.15,15.18,0.02999999999999936
F2BJRLP2,phones,s,15.18,15.29,0.10999999999999943
F2BJRLP2,phones,tʲ,15.29,15.34,0.05000000000000071
F2BJRLP2,phones,i,15.34,15.4,0.0600000000000005
F2BJRLP2,phones,ɲ,15.4,15.45,0.049999999999998934
F2BJRLP2,phones,ɟʷ,15.45,15.53,0.08000000000000007
F2BJRLP2,phones,i,15.53,15.56,0.030000000000001137
F2BJRLP2,phones,ʃ,15.56,15.67,0.10999999999999943
F2BJRLP2,phones,t,15.67,15.71,0.040000000000000924
F2BJRLP2,phones,k,15.71,15.77,0.05999999999999872
F2BJRLP2,phones,ə,15.77,15.81,0.040000000000000924
F2BJRLP2,phones,ɹ,15.81,15.9,0.08999999999999986
F2BJRLP2,phones,ɪ,15.9,15.98,0.08000000000000007
F2BJRLP2,phones,ə,15.98,16.09,0.10999999999999943
F2BJRLP2,phones,æ,16.46,16.56,0.09999999999999787
F2BJRLP2,phones,t,16.56,16.6,0.0400000000000027
F2BJRLP2,phones,b,16.6,16.64,0.03999999999999915
F2BJRLP2,phones,ɛ,16.64,16.72,0.0799999999999983
F2BJRLP2,phones,ɡ,16.72,16.81,0.08999999999999986
F2BJRLP2,phones,a,16.81,16.98,0.1700000000000017
F2BJRLP2,phones,n,16.98,17.02,0.03999999999999915
F2BJRLP2,phones,a,17.02,17.09,0.07000000000000028
F2BJRLP2,phones,s,17.09,17.17,0.08000000000000185
F2BJRLP2,phones,a,17.17,17.22,0.04999999999999716
F2BJRLP2,phones,t,17.22,17.35,0.13000000000000256
F2BJRLP2,phones,ɹ,17.35,17.4,0.04999999999999716
F2BJRLP2,phones,aj,17.4,17.52,0.120000000000001
F2BJRLP2,phones,a,17.52,17.56,0.03999999999999915
F2BJRLP2,phones,ɫ,17.56,17.63,0.07000000000000028
F2BJRLP2,phones,l,17.63,17.71,0.08000000000000185
F2BJRLP2,phones,ɒː,17.71,17.8,0.08999999999999986
F2BJRLP2,phones,j,17.8,17.87,0.07000000000000028
F2BJRLP2,phones,ə,17.87,18.07,0.1999999999999993
F2BJRLP2,phones,a,18.16,18.26,0.10000000000000142
F2BJRLP2,phones,n,18.26,18.29,0.029999999999997584
F2BJRLP2,phones,ɛ,18.29,18.32,0.030000000000001137
F2BJRLP2,phones,ʎ,18.32,18.41,0.08999999999999986
F2BJRLP2,phones,iː,18.41,18.46,0.05000000000000071
F2BJRLP2,phones,dʲ,18.46,18.49,0.029999999999997584
F2BJRLP2,phones,iː,18.49,18.52,0.030000000000001137
F2BJRLP2,phones,ə,18.55,18.66,0.10999999999999943
F2BJRLP2,phones,a,18.66,18.69,0.030000000000001137
F2BJRLP2,phones,n,18.69,18.73,0.03999999999999915
F2BJRLP2,phones,a,18.73,18.8,0.07000000000000028
F2BJRLP2,phones,pʰ,18.8,18.92,0.120000000000001
F2BJRLP2,phones,ɔj,18.92,19.03,0.10999999999999943
F2BJRLP2,phones,n,19.03,19.06,0.029999999999997584
F2BJRLP2,phones,t,19.06,19.09,0.030000000000001137
F2BJRLP2,phones,m,19.09,19.13,0.03999999999999915
F2BJRLP2,phones,ɛ,19.13,19.21,0.08000000000000185
F2BJRLP2,phones,n,19.21,19.25,0.03999999999999915
F2BJRLP2,phones,t,19.25,19.3,0.05000000000000071
F2BJRLP2,phones,a,19.3,19.42,0.120000000000001
F2BJRLP2,phones,s,19.42,19.49,0.06999999999999673
F2BJRLP2,phones,a,19.49,19.54,0.05000000000000071
F2BJRLP2,phones,s,19.54,19.67,0.13000000000000256
F2BJRLP2,phones,o,19.67,19.76,0.08999999999999986
F2BJRLP2,phones,s,19.76,19.89,0.129999999999999
F2BJRLP2,phones,i,19.89,20.03,0.14000000000000057
F2BJRLP2,phones,a,20.03,20.07,0.03999999999999915
F2BJRLP2,phones,t,20.07,20.13,0.05999999999999872
F2BJRLP2,phones,s,20.13,20.2,0.07000000000000028
F2BJRLP2,phones,j,20.2,20.23,0.030000000000001137
F2BJRLP2,phones,uː,20.23,20.26,0.030000000000001137
F2BJRLP2,phones,p,20.26,20.35,0.08999999999999986
F2BJRLP2,phones,ɹ,20.35,20.39,0.03999999999999915
F2BJRLP2,phones,iː,20.39,20.45,0.05999999999999872
F2BJRLP2,phones,m,20.45,20.54,0.08999999999999986
F2BJRLP2,phones,k,20.54,20.66,0.120000000000001
F2BJRLP2,phones,ɒː,20.66,20.76,0.10000000000000142
F2BJRLP2,phones,ʈ,20.76,20.8,0.03999999999999915
F2BJRLP2,phones,dʒ,20.8,20.91,0.10999999999999943
F2BJRLP2,phones,ɐ,20.91,21.01,0.10000000000000142
F2BJRLP2,phones,s,21.01,21.09,0.0799999999999983
F2BJRLP2,phones,tʲ,21.09,21.15,0.05999999999999872
F2BJRLP2,phones,ɪ,21.15,21.21,0.060000000000002274
F2BJRLP2,phones,s,21.21,21.31,0.09999999999999787
F2BJRLP2,phones,i,21.31,21.41,0.10000000000000142
F2BJRLP2,phones,n,21.41,21.49,0.0799999999999983
F2BJRLP2,phones,n,21.49,21.52,0.030000000000001137
F2BJRLP2,phones,aj,21.52,21.63,0.10999999999999943
F2BJRLP2,phones,n,21.63,21.66,0.030000000000001137
F2BJRLP2,phones,ʈ,21.66,21.77,0.10999999999999943
F2BJRLP2,phones,iː,21.77,21.82,0.05000000000000071
F2BJRLP2,phones,n,21.82,21.89,0.07000000000000028
F2BJRLP2,phones,s,21.89,22.0,0.10999999999999943
F2BJRLP2,phones,ɛ,22.0,22.06,0.05999999999999872
F2BJRLP2,phones,v,22.06,22.12,0.060000000000002274
F2BJRLP2,phones,ə,22.12,22.16,0.03999999999999915
F2BJRLP2,phones,n,22.16,22.2,0.03999999999999915
F2BJRLP2,phones,tʲ,22.2,22.23,0.030000000000001137
F2BJRLP2,phones,i,22.23,22.3,0.07000000000000028
F2BJRLP2,phones,ʋ,22.3,22.4,0.09999999999999787
F2BJRLP2,phones,ɒ,22.4,22.57,0.1700000000000017
F2BJRLP2,phones,n,22.57,22.65,0.0799999999999983
F2BJRLP2,phones,æ,23.17,23.3,0.129999999999999
F2BJRLP2,phones,t,23.3,23.35,0.05000000000000071
F2BJRLP2,phones,j,23.35,23.39,0.03999999999999915
F2BJRLP2,phones,i,23.39,23.47,0.0799999999999983
F2BJRLP2,phones,a,23.47,23.51,0.0400000000000027
F2BJRLP2,phones,ʈ,23.51,23.63,0.11999999999999744
F2BJRLP2,phones,ɒ,23.63,23.75,0.120000000000001
F2BJRLP2,phones,m,23.75,23.79,0.03999999999999915
F2BJRLP2,phones,ə,23.79,23.84,0.05000000000000071
F2BJRLP2,phones,s,23.84,23.93,0.08999999999999986
F2BJRLP2,phones,spn,23.93,24.34,0.41000000000000014
F2BJRLP2,phones,n,24.34,24.39,0.05000000000000071
F2BJRLP2,phones,aw,24.39,24.52,0.129999999999999
F2BJRLP2,phones,p,24.52,24.62,0.10000000000000142
F2BJRLP2,phones,ɹ,24.62,24.66,0.03999999999999915
F2BJRLP2,phones,ɛ,24.66,24.71,0.05000000000000071
F2BJRLP2,phones,z,24.71,24.76,0.05000000000000071
F2BJRLP2,phones,d,24.76,24.79,0.029999999999997584
F2BJRLP2,phones,ə,24.79,24.95,0.16000000000000014
F2BJRLP2,phones,n,24.95,25.0,0.05000000000000071
F2BJRLP2,phones,t,25.0,25.06,0.05999999999999872
F2BJRLP2,phones,ɒ,25.06,25.09,0.030000000000001137
F2BJRLP2,phones,v,25.09,25.12,0.030000000000001137
F2BJRLP2,phones,ð,25.12,25.19,0.07000000000000028
F2BJRLP2,phones,a,25.19,25.22,0.029999999999997584
F2BJRLP2,phones,m,25.22,25.28,0.060000000000002274
F2BJRLP2,phones,a,25.28,25.38,0.09999999999999787
F2BJRLP2,phones,s,25.38,25.47,0.08999999999999986
F2BJRLP2,phones,ə,25.47,25.5,0.030000000000001137
F2BJRLP2,phones,tʃ,25.5,25.61,0.10999999999999943
F2BJRLP2,phones,ʉː,25.61,25.64,0.030000000000001137
F2BJRLP2,phones,s,25.64,25.74,0.09999999999999787
F2BJRLP2,phones,ɪ,25.74,25.78,0.0400000000000027
F2BJRLP2,phones,t,25.78,25.82,0.03999999999999915
F2BJRLP2,phones,s,25.82,25.86,0.03999999999999915
F2BJRLP2,phones,b,25.86,25.92,0.060000000000002274
F2BJRLP2,phones,a,25.92,26.09,0.16999999999999815
F2BJRLP2,phones,a,26.09,26.12,0.030000000000001137
F2BJRLP2,phones,s,26.12,26.24,0.11999999999999744
F2BJRLP2,phones,o,26.24,26.32,0.08000000000000185
F2BJRLP2,phones,s,26.32,26.45,0.129999999999999
F2BJRLP2,phones,i,26.45,26.54,0.08999999999999986
F2BJRLP2,phones,e,26.54,26.63,0.08999999999999986
F2BJRLP2,phones,ʃ,26.63,26.75,0.120000000000001
F2BJRLP2,phones,ɔ,26.75,26.8,0.05000000000000071
F2BJRLP2,phones,n,26.8,26.86,0.05999999999999872
F2BJRLP2,phones,ʋ,27.19,27.24,0.04999999999999716
F2BJRLP2,phones,ɒ,27.24,27.27,0.030000000000001137
F2BJRLP2,phones,z,27.27,27.35,0.08000000000000185
F2BJRLP2,phones,h,27.35,27.41,0.05999999999999872
F2BJRLP2,phones,ɛ,27.41,27.46,0.05000000000000071
F2BJRLP2,phones,n,27.46,27.49,0.029999999999997584
F2BJRLP2,phones,ə,27.49,27.54,0.05000000000000071
F2BJRLP2,phones,s,27.54,27.65,0.10999999999999943
F2BJRLP2,phones,i,27.65,27.68,0.030000000000001137
F2BJRLP2,phones,i,27.68,27.71,0.030000000000001137
F2BJRLP2,phones,z,27.71,27.81,0.09999999999999787
F2BJRLP2,phones,l,27.81,27.86,0.05000000000000071
F2BJRLP2,phones,ɒ,27.86,28.01,0.15000000000000213
F2BJRLP2,phones,k,28.01,28.15,0.13999999999999702
F2BJRLP2,phones,l,28.15,28.18,0.030000000000001137
F2BJRLP2,phones,a,28.18,28.26,0.08000000000000185
F2BJRLP2,phones,k,28.26,28.29,0.029999999999997584
F2BJRLP3,phones,ð,0.21,0.26,0.05000000000000002
F2BJRLP3,phones,a,0.26,0.41,0.14999999999999997
F2BJRLP3,phones,ɒː,0.41,0.5,0.09000000000000002
F2BJRLP3,phones,t̪,0.5,0.59,0.08999999999999997
F2BJRLP3,phones,ə,0.59,0.67,0.08000000000000007
F2BJRLP3,phones,ɒ,0.67,0.79,0.12
F2BJRLP3,phones,v,0.79,0.87,0.07999999999999996
F2BJRLP3,phones,m,0.87,0.94,0.06999999999999995
F2BJRLP3,phones,ɒː,0.94,1.06,0.1200000000000001
F2BJRLP3,phones,d̪,1.06,1.11,0.050000000000000044
F2BJRLP3,phones,a,1.11,1.18,0.06999999999999984
F2BJRLP3,phones,n,1.18,1.26,0.08000000000000007
F2BJRLP3,phones,e,1.26,1.37,0.1100000000000001
F2BJRLP3,phones,t,1.37,1.4,0.029999999999999805
F2BJRLP3,phones,h,1.4,1.46,0.06000000000000005
F2BJRLP3,phones,ɐ,1.46,1.54,0.08000000000000007
F2BJRLP3,phones,n,1.54,1.57,0.030000000000000027
F2BJRLP3,phones,d,1.57,1.62,0.050000000000000044
F2BJRLP3,phones,ɹ,1.62,1.67,0.04999999999999982
F2BJRLP3,phones,ə,1.67,1.74,0.07000000000000006
F2BJRLP3,phones,d,1.74,1.79,0.050000000000000044
F2BJRLP3,phones,s,1.79,1.85,0.06000000000000005
F2BJRLP3,phones,t,1.85,1.9,0.04999999999999982
F2BJRLP3,phones,e,1.9,1.98,0.08000000000000007
F2BJRLP3,phones,t,1.98,2.04,0.06000000000000005
F2BJRLP3,phones,s,2.04,2.09,0.04999999999999982
F2BJRLP3,phones,j,2.09,2.12,0.03000000000000025
F2BJRLP3,phones,uː,2.12,2.15,0.029999999999999805
F2BJRLP3,phones,p,2.15,2.23,0.08000000000000007
F2BJRLP3,phones,ɹ,2.23,2.26,0.029999999999999805
F2BJRLP3,phones,iː,2.26,2.31,0.050000000000000266
F2BJRLP3,phones,m,2.31,2.36,0.04999999999999982
F2BJRLP3,phones,k,2.36,2.47,0.11000000000000032
F2BJRLP3,phones,ɒː,2.47,2.55,0.07999999999999963
F2BJRLP3,phones,ʈ,2.55,2.59,0.040000000000000036
F2BJRLP3,phones,ɔ,2.59,2.62,0.03000000000000025
F2BJRLP3,phones,pʲ,2.62,2.73,0.10999999999999988
F2BJRLP3,phones,i,2.73,2.8,0.06999999999999984
F2BJRLP3,phones,ɲ,2.8,2.93,0.13000000000000034
F2BJRLP3,phones,ɔ,2.93,2.96,0.029999999999999805
F2BJRLP3,phones,n,2.96,3.06,0.10000000000000009
F2BJRLP3,phones,z,3.06,3.17,0.10999999999999988
F2BJRLP3,phones,h,3.49,3.56,0.06999999999999984
F2BJRLP3,phones,ɛ,3.56,3.59,0.029999999999999805
F2BJRLP3,phones,n,3.59,3.63,0.040000000000000036
F2BJRLP3,phones,ə,3.63,3.69,0.06000000000000005
F2BJRLP3,phones,s,3.69,3.8,0.10999999999999988
F2BJRLP3,phones,i,3.8,3.89,0.0900000000000003
F2BJRLP3,phones,i,3.89,3.97,0.08000000000000007
F2BJRLP3,phones,z,3.97,4.04,0.06999999999999984
F2BJRLP3,phones,ʋ,4.04,4.11,0.07000000000000028
F2BJRLP3,phones,aj,4.11,4.28,0.16999999999999993
F2BJRLP3,phones,ɖ,4.28,4.33,0.04999999999999982
F2BJRLP3,phones,ʎ,4.33,4.39,0.05999999999999961
F2BJRLP3,phones,i,4.39,4.44,0.05000000000000071
F2BJRLP3,phones,ɹ,4.44,4.53,0.08999999999999986
F2BJRLP3,phones,i,4.53,4.58,0.04999999999999982
F2BJRLP3,phones,s,4.58,4.68,0.09999999999999964
F2BJRLP3,phones,p,4.68,4.74,0.0600000000000005
F2BJRLP3,phones,ɛ,4.74,4.84,0.09999999999999964
F2BJRLP3,phones,k,4.84,4.89,0.04999999999999982
F2BJRLP3,phones,t,4.89,4.95,0.0600000000000005
F2BJRLP3,phones,ɛ,4.95,5.03,0.08000000000000007
F2BJRLP3,phones,d,5.03,5.09,0.05999999999999961
F2BJRLP3,phones,f,5.09,5.2,0.11000000000000032
F2BJRLP3,phones,a,5.2,5.27,0.0699999999999994
F2BJRLP3,phones,ç,5.27,5.32,0.05000000000000071
F2BJRLP3,phones,i,5.32,5.4,0.08000000000000007
F2BJRLP3,phones,z,5.4,5.48,0.08000000000000007
F2BJRLP3,phones,ʎ,5.48,5.56,0.07999999999999918
F2BJRLP3,phones,i,5.56,5.61,0.05000000000000071
F2BJRLP3,phones,ɡ,5.61,5.64,0.02999999999999936
F2BJRLP3,phones,ə,5.64,5.69,0.05000000000000071
F2BJRLP3,phones,ɫ,5.69,5.73,0.040000000000000036
F2BJRLP3,phones,s,5.73,5.84,0.10999999999999943
F2BJRLP3,phones,k,5.84,5.9,0.0600000000000005
F2BJRLP3,phones,ɒ,5.9,6.01,0.10999999999999943
F2BJRLP3,phones,l,6.01,6.05,0.040000000000000036
F2BJRLP3,phones,ə,6.05,6.12,0.07000000000000028
F2BJRLP3,phones,ʃ,6.12,6.25,0.1299999999999999
F2BJRLP3,phones,ɪ,6.25,6.37,0.1200000000000001
F2BJRLP3,phones,p,6.37,6.4,0.03000000000000025
F2BJRLP3,phones,a,6.49,6.59,0.09999999999999964
F2BJRLP3,phones,n,6.59,6.63,0.040000000000000036
F2BJRLP3,phones,ç,6.63,6.7,0.07000000000000028
F2BJRLP3,phones,i,6.7,6.77,0.0699999999999994
F2BJRLP3,phones,z,6.77,6.85,0.08000000000000007
F2BJRLP3,phones,a,6.85,6.89,0.040000000000000036
F2BJRLP3,phones,d,6.89,6.93,0.040000000000000036
F2BJRLP3,phones,mʲ,6.93,7.01,0.08000000000000007
F2BJRLP3,phones,i,7.01,7.05,0.040000000000000036
F2BJRLP3,phones,ɲ,7.05,7.08,0.03000000000000025
F2BJRLP3,phones,i,7.08,7.14,0.05999999999999961
F2BJRLP3,phones,s,7.14,7.22,0.08000000000000007
F2BJRLP3,phones,t,7.22,7.28,0.0600000000000005
F2BJRLP3,phones,ɹ,7.28,7.31,0.02999999999999936
F2BJRLP3,phones,a,7.31,7.36,0.05000000000000071
F2BJRLP3,phones,tʲ,7.36,7.39,0.02999999999999936
F2BJRLP3,phones,i,7.39,7.42,0.03000000000000025
F2BJRLP3,phones,v,7.42,7.49,0.07000000000000028
F2BJRLP3,phones,a,7.49,7.55,0.05999999999999961
F2BJRLP3,phones,bʲ,7.55,7.62,0.07000000000000028
F2BJRLP3,phones,i,7.62,7.66,0.040000000000000036
F2BJRLP3,phones,ʎ,7.66,7.79,0.1299999999999999
F2BJRLP3,phones,i,7.79,7.82,0.03000000000000025
F2BJRLP3,phones,tʲ,7.82,7.86,0.040000000000000036
F2BJRLP3,phones,i,7.86,8.0,0.13999999999999968
F2BJRLP3,phones,z,8.0,8.14,0.14000000000000057
F2BJRLP3,phones,a,8.53,8.61,0.08000000000000007
F2BJRLP3,phones,d,8.61,8.65,0.040000000000000924
F2BJRLP3,phones,m,8.65,8.72,0.07000000000000028
F2BJRLP3,phones,aj,8.72,8.93,0.20999999999999908
F2BJRLP3,phones,ɹ,8.93,9.08,0.15000000000000036
F2BJRLP3,phones,a,9.08,9.17,0.08999999999999986
F2BJRLP3,phones,z,9.17,9.28,0.10999999999999943
F2BJRLP3,phones,ɟ,9.28,9.35,0.07000000000000028
F2BJRLP3,phones,i,9.35,9.46,0.11000000000000121
F2BJRLP3,phones,v,9.46,9.51,0.049999999999998934
F2BJRLP3,phones,h,9.51,9.62,0.10999999999999943
F2BJRLP3,phones,ɛ,9.62,9.68,0.0600000000000005
F2BJRLP3,phones,n,9.68,9.71,0.030000000000001137
F2BJRLP3,phones,ə,9.71,9.78,0.06999999999999851
F2BJRLP3,phones,s,9.78,9.9,0.120000000000001
F2BJRLP3,phones,i,9.9,10.0,0.09999999999999964
F2BJRLP3,phones,m,10.0,10.07,0.07000000000000028
F2BJRLP3,phones,ɐ,10.07,10.14,0.07000000000000028
F2BJRLP3,phones,tʃ,10.14,10.23,0.08999999999999986
F2BJRLP3,phones,ɒ,10.23,10.27,0.03999999999999915
F2BJRLP3,phones,v,10.27,10.3,0.030000000000001137
F2BJRLP3,phones,ð,10.3,10.35,0.049999999999998934
F2BJRLP3,phones,a,10.35,10.38,0.030000000000001137
F2BJRLP3,phones,c,10.38,10.48,0.09999999999999964
F2BJRLP3,phones,ɹ,10.48,10.53,0.049999999999998934
F2BJRLP3,phones,ɛ,10.53,10.59,0.0600000000000005
F2BJRLP3,phones,dʲ,10.59,10.62,0.02999999999999936
F2BJRLP3,phones,i,10.62,10.69,0.07000000000000028
F2BJRLP3,phones,t,10.69,10.73,0.040000000000000924
F2BJRLP3,phones,f,11.0,11.08,0.08000000000000007
F2BJRLP3,phones,a,11.08,11.16,0.08000000000000007
F2BJRLP3,phones,s,11.16,11.29,0.129999999999999
F2BJRLP3,phones,ʋ,11.29,11.34,0.05000000000000071
F2BJRLP3,phones,iː,11.34,11.41,0.07000000000000028
F2BJRLP3,phones,p,11.41,11.47,0.0600000000000005
F2BJRLP3,phones,ɪ,11.47,11.53,0.05999999999999872
F2BJRLP3,phones,ŋ,11.53,11.6,0.07000000000000028
F2BJRLP3,phones,k,11.6,11.71,0.11000000000000121
F2BJRLP3,phones,ɒː,11.71,11.82,0.10999999999999943
F2BJRLP3,phones,ʈ,11.82,11.86,0.03999999999999915
F2BJRLP3,phones,ɹ,11.86,11.93,0.07000000000000028
F2BJRLP3,phones,ə,11.93,12.0,0.07000000000000028
F2BJRLP3,phones,f,12.0,12.13,0.13000000000000078
F2BJRLP3,phones,ɒ,12.13,12.23,0.09999999999999964
F2BJRLP3,phones,ɹ,12.23,12.33,0.09999999999999964
F2BJRLP3,phones,m,12.33,12.45,0.11999999999999922
F2BJRLP3,phones,æ,12.45,12.5,0.05000000000000071
F2BJRLP3,phones,t,12.5,12.55,0.05000000000000071
F2BJRLP3,phones,b,12.55,12.59,0.03999999999999915
F2BJRLP3,phones,ɛ,12.59,12.65,0.0600000000000005
F2BJRLP3,phones,ɡ,12.65,12.73,0.08000000000000007
F2BJRLP3,phones,a,12.73,12.84,0.10999999999999943
F2BJRLP3,phones,n,12.84,12.88,0.040000000000000924
F2BJRLP3,phones,a,12.88,12.94,0.05999999999999872
F2BJRLP3,phones,d,12.94,13.01,0.07000000000000028
F2BJRLP3,phones,ə,13.01,13.1,0.08999999999999986
F2BJRLP3,phones,cʰ,13.1,13.2,0.09999999999999964
F2BJRLP3,phones,ej,13.2,13.28,0.08000000000000007
F2BJRLP3,phones,d,13.28,13.32,0.040000000000000924
F2BJRLP3,phones,a,13.32,13.37,0.049999999999998934
F2BJRLP3,phones,ɡ,13.37,13.47,0.10000000000000142
F2BJRLP3,phones,o,13.47,13.76,0.28999999999999915
F2BJRLP3,phones,a,13.86,13.97,0.11000000000000121
F2BJRLP3,phones,n,13.97,14.03,0.05999999999999872
F2BJRLP3,phones,f,14.03,14.12,0.08999999999999986
F2BJRLP3,phones,a,14.12,14.16,0.040000000000000924
F2BJRLP3,phones,l,14.16,14.25,0.08999999999999986
F2BJRLP3,phones,a,14.25,14.39,0.14000000000000057
F2BJRLP3,phones,s,14.39,14.48,0.08999999999999986
F2BJRLP3,phones,t,14.48,14.54,0.05999999999999872
F2BJRLP3,phones,j,14.54,14.58,0.040000000000000924
F2BJRLP3,phones,i,14.58,14.66,0.08000000000000007
F2BJRLP3,phones,a,14.66,14.69,0.02999999999999936
F2BJRLP3,phones,i,14.69,14.73,0.040000000000000924
F2BJRLP3,phones,z,14.73,14.81,0.08000000000000007
F2BJRLP3,phones,l,14.81,14.89,0.08000000000000007
F2BJRLP3,phones,ɛ,14.89,14.94,0.049999999999998934
F2BJRLP3,phones,dʒ,14.94,14.99,0.05000000000000071
F2BJRLP3,phones,i,14.99,15.04,0.049999999999998934
F2BJRLP3,phones,s,15.04,15.14,0.10000000000000142
F2BJRLP3,phones,l,15.14,15.18,0.03999999999999915
F2BJRLP3,phones,a,15.18,15.25,0.07000000000000028
F2BJRLP3,phones,tʲ,15.25,15.29,0.03999999999999915
F2BJRLP3,phones,i,15.29,15.32,0.030000000000001137
F2BJRLP3,phones,v,15.32,15.4,0.08000000000000007
F2BJRLP3,phones,a,15.4,15.44,0.03999999999999915
F2BJRLP3,phones,p,15.44,15.58,0.14000000000000057
F2BJRLP3,phones,ɹ,15.58,15.62,0.03999999999999915
F2BJRLP3,phones,uː,15.62,15.7,0.08000000000000007
F2BJRLP3,phones,v,15.7,15.76,0.0600000000000005
F2BJRLP3,phones,a,15.76,15.79,0.02999999999999936
F2BJRLP3,phones,ɫ,15.79,15.92,0.13000000000000078
F2BJRLP3,phones,ɒ,16.06,16.14,0.08000000000000185
F2BJRLP3,phones,v,16.14,16.19,0.05000000000000071
F2BJRLP3,phones,t̪,16.31,16.34,0.030000000000001137
F2BJRLP3,phones,ɜː,16.34,16.45,0.10999999999999943
F2BJRLP3,phones,ʈʲ,16.45,16.48,0.030000000000001137
F2BJRLP3,phones,i,16.48,16.55,0.07000000000000028
F2BJRLP3,phones,f,16.55,16.65,0.09999999999999787
F2BJRLP3,phones,aj,16.65,16.89,0.240000000000002
F2BJRLP3,phones,v,16.89,16.93,0.03999999999999915
F2BJRLP3,phones,ɲ,16.93,17.03,0.10000000000000142
F2BJRLP3,phones,uː,17.03,17.1,0.07000000000000028
F2BJRLP3,phones,spn,17.1,17.73,0.629999999999999
F2BJRLP3,phones,a,18.03,18.13,0.09999999999999787
F2BJRLP3,phones,n,18.13,18.2,0.07000000000000028
F2BJRLP3,phones,t̪,18.2,18.3,0.10000000000000142
F2BJRLP3,phones,ɹ,18.3,18.35,0.05000000000000071
F2BJRLP3,phones,iː,18.35,18.43,0.0799999999999983
F2BJRLP3,phones,h,18.43,18.52,0.08999999999999986
F2BJRLP3,phones,ɐ,18.52,18.57,0.05000000000000071
F2BJRLP3,phones,n,18.57,18.6,0.030000000000001137
F2BJRLP3,phones,d,18.6,18.66,0.05999999999999872
F2BJRLP3,phones,ɹ,18.66,18.71,0.05000000000000071
F2BJRLP3,phones,ə,18.71,18.75,0.03999999999999915
F2BJRLP3,phones,d,18.75,18.79,0.03999999999999915
F2BJRLP3,phones,mʲ,18.79,18.84,0.05000000000000071
F2BJRLP3,phones,i,18.84,18.87,0.030000000000001137
F2BJRLP3,phones,l,18.87,18.91,0.03999999999999915
F2BJRLP3,phones,u,18.91,19.07,0.16000000000000014
F2BJRLP3,phones,n,19.07,19.13,0.05999999999999872
F2BJRLP3,phones,d,19.13,19.17,0.0400000000000027
F2BJRLP3,phones,ɑ,19.17,19.32,0.14999999999999858
F2BJRLP3,phones,l,19.32,19.37,0.05000000000000071
F2BJRLP3,phones,ɚ,19.37,19.5,0.129999999999999
F2BJRLP3,phones,z,19.5,19.61,0.10999999999999943
F2BJRLP3,phones,ə,19.65,19.71,0.060000000000002274
F2BJRLP3,phones,ɹ,19.71,19.8,0.08999999999999986
F2BJRLP3,phones,ɪ,19.8,19.87,0.07000000000000028
F2BJRLP3,phones,s,19.87,20.0,0.129999999999999
F2BJRLP3,phones,t,20.0,20.06,0.05999999999999872
F2BJRLP3,phones,ɒ,20.06,20.16,0.10000000000000142
F2BJRLP3,phones,ɹ,20.16,20.28,0.120000000000001
F2BJRLP3,phones,k,20.28,20.43,0.14999999999999858
F2BJRLP3,phones,ɹ,20.43,20.47,0.03999999999999915
F2BJRLP3,phones,ɐ,20.47,20.52,0.05000000000000071
F2BJRLP3,phones,m,20.52,20.58,0.05999999999999872
F2BJRLP3,phones,b,20.58,20.64,0.060000000000002274
F2BJRLP3,phones,ʎ,20.64,20.67,0.030000000000001137
F2BJRLP3,phones,ɪ,20.67,20.73,0.05999999999999872
F2BJRLP3,phones,ŋ,20.73,20.8,0.07000000000000028
F2BJRLP3,phones,k,20.8,20.93,0.129999999999999
F2BJRLP3,phones,ɒː,20.93,21.03,0.10000000000000142
F2BJRLP3,phones,ʈ,21.03,21.08,0.04999999999999716
F2BJRLP3,phones,h,21.08,21.13,0.05000000000000071
F2BJRLP3,phones,aw,21.13,21.27,0.14000000000000057
F2BJRLP3,phones,s,21.27,21.36,0.08999999999999986
F2BJRLP3,phones,ɪ,21.36,21.47,0.10999999999999943
F2BJRLP3,phones,z,21.47,21.63,0.16000000000000014
F2BJRLP3,phones,d,22.18,22.22,0.03999999999999915
F2BJRLP3,phones,ɛ,22.22,22.25,0.030000000000001137
F2BJRLP3,phones,s,22.25,22.34,0.08999999999999986
F2BJRLP3,phones,p,22.34,22.4,0.05999999999999872
F2BJRLP3,phones,aj,22.4,22.53,0.13000000000000256
F2BJRLP3,phones,t,22.53,22.59,0.05999999999999872
F2BJRLP3,phones,ð,22.59,22.63,0.03999999999999915
F2BJRLP3,phones,a,22.63,22.66,0.030000000000001137
F2BJRLP3,phones,s,22.66,22.75,0.08999999999999986
F2BJRLP3,phones,t,22.75,22.8,0.05000000000000071
F2BJRLP3,phones,e,22.8,22.92,0.120000000000001
F2BJRLP3,phones,t,22.92,22.97,0.04999999999999716
F2BJRLP3,phones,i,22.97,23.0,0.030000000000001137
F2BJRLP3,phones,z,23.0,23.03,0.030000000000001137
F2BJRLP3,phones,m,23.03,23.1,0.07000000000000028
F2BJRLP3,phones,a,23.1,23.24,0.13999999999999702
F2BJRLP3,phones,s,23.24,23.35,0.11000000000000298
F2BJRLP3,phones,i,23.35,23.4,0.04999999999999716
F2BJRLP3,phones,v,23.4,23.45,0.05000000000000071
F2BJRLP3,phones,b,23.45,23.57,0.120000000000001
F2BJRLP3,phones,ɐ,23.57,23.66,0.08999999999999986
F2BJRLP3,phones,dʒ,23.66,23.73,0.07000000000000028
F2BJRLP3,phones,ɪ,23.73,23.8,0.07000000000000028
F2BJRLP3,phones,t,23.8,23.87,0.07000000000000028
F2BJRLP3,phones,d,23.87,23.92,0.05000000000000071
F2BJRLP3,phones,ɛ,23.92,24.0,0.0799999999999983
F2BJRLP3,phones,f,24.0,24.07,0.07000000000000028
F2BJRLP3,phones,ə,24.07,24.13,0.05999999999999872
F2BJRLP3,phones,s,24.13,24.24,0.10999999999999943
F2BJRLP3,phones,ɪ,24.24,24.33,0.08999999999999986
F2BJRLP3,phones,t,24.33,24.43,0.10000000000000142
F2BJRLP3,phones,h,24.8,24.87,0.07000000000000028
F2BJRLP3,phones,ɛ,24.87,24.9,0.029999999999997584
F2BJRLP3,phones,n,24.9,24.93,0.030000000000001137
F2BJRLP3,phones,ə,24.93,24.99,0.05999999999999872
F2BJRLP3,phones,s,24.99,25.09,0.10000000000000142
F2BJRLP3,phones,i,25.09,25.17,0.08000000000000185
F2BJRLP3,phones,ɹ,25.17,25.25,0.0799999999999983
F2BJRLP3,phones,iː,25.25,25.3,0.05000000000000071
F2BJRLP3,phones,s,25.3,25.37,0.07000000000000028
F2BJRLP3,phones,ə,25.37,25.43,0.05999999999999872
F2BJRLP3,phones,n,25.43,25.46,0.030000000000001137
F2BJRLP3,phones,t,25.46,25.5,0.03999999999999915
F2BJRLP3,phones,ʎ,25.5,25.55,0.05000000000000071
F2BJRLP3,phones,i,25.55,25.61,0.05999999999999872
F2BJRLP3,phones,aː,25.61,25.77,0.16000000000000014
F2BJRLP3,phones,dʒ,25.77,25.88,0.10999999999999943
F2BJRLP3,phones,d,25.88,25.92,0.0400000000000027
F2BJRLP3,phones,k,25.92,25.96,0.03999999999999915
F2BJRLP3,phones,ɒ,25.96,26.09,0.129999999999999
F2BJRLP3,phones,ʎ,26.09,26.17,0.08000000000000185
F2BJRLP3,phones,iː,26.17,26.22,0.04999999999999716
F2BJRLP3,phones,ɡ,26.22,26.28,0.060000000000002274
F2BJRLP3,phones,z,26.28,26.34,0.05999999999999872
F2BJRLP3,phones,i,26.34,26.39,0.05000000000000071
F2BJRLP3,phones,n,26.39,26.43,0.03999999999999915
F2BJRLP3,phones,ð,26.43,26.46,0.030000000000001137
F2BJRLP3,phones,a,26.46,26.49,0.029999999999997584
F2BJRLP3,phones,b,26.49,26.56,0.07000000000000028
F2BJRLP3,phones,a,26.56,26.74,0.17999999999999972
F2BJRLP3,phones,a,26.74,26.78,0.0400000000000027
F2BJRLP3,phones,s,26.78,26.89,0.10999999999999943
F2BJRLP3,phones,o,26.89,26.98,0.08999999999999986
F2BJRLP3,phones,s,26.98,27.11,0.129999999999999
F2BJRLP3,phones,i,27.11,27.2,0.08999999999999986
F2BJRLP3,phones,e,27.2,27.3,0.10000000000000142
F2BJRLP3,phones,ʃ,27.3,27.42,0.120000000000001
F2BJRLP3,phones,ɔ,27.42,27.46,0.03999999999999915
F2BJRLP3,phones,n,27.46,27.56,0.09999999999999787
F2BJRLP3,phones,n,27.65,27.8,0.15000000000000213
F2BJRLP3,phones,a,27.8,27.91,0.10999999999999943
F2BJRLP3,phones,t,27.91,28.04,0.129999999999999
F2BJRLP3,phones,ə,28.04,28.08,0.03999999999999915
F2BJRLP3,phones,ɹ,28.08,28.14,0.060000000000002274
F2BJRLP3,phones,ə,28.14,28.22,0.0799999999999983
F2BJRLP3,phones,tʲ,28.22,28.38,0.16000000000000014
F2BJRLP3,phones,ɹ,28.38,28.42,0.0400000000000027
F2BJRLP3,phones,iː,28.42,28.56,0.13999999999999702
F2BJRLP3,phones,t,28.56,28.59,0.030000000000001137
F2BJRLP3,phones,f,28.72,28.79,0.07000000000000028
F2BJRLP3,phones,ɹ,28.79,28.82,0.030000000000001137
F2BJRLP3,phones,ɐ,28.82,28.85,0.030000000000001137
F2BJRLP3,phones,m,28.85,28.9,0.04999999999999716
F2BJRLP3,phones,d̪,28.9,28.95,0.05000000000000071
F2BJRLP3,phones,iː,28.95,29.06,0.10999999999999943
F2BJRLP3,phones,z,29.06,29.15,0.08999999999999986
F2BJRLP3,phones,h,29.15,29.28,0.13000000000000256
F2BJRLP3,phones,a,29.28,29.42,0.14000000000000057
F2BJRLP3,phones,d,29.42,29.47,0.04999999999999716
F2BJRLP3,phones,ʋ,29.47,29.54,0.07000000000000028
F2BJRLP3,phones,ɒ,29.54,29.63,0.08999999999999986
F2BJRLP3,phones,n,29.63,29.74,0.10999999999999943
F2BJRLP3,phones,ɡ,29.74,29.83,0.08999999999999986
F2BJRLP3,phones,e,29.83,30.0,0.1700000000000017
F2BJRLP3,phones,n,30.0,30.17,0.1700000000000017
F2BJRLP3,phones,z,30.17,30.34,0.16999999999999815
ISLE_SESS0131_BLOCKD02_01_sprt1,phones,aj,0.43,0.55,0.12000000000000005
ISLE_SESS0131_BLOCKD02_01_sprt1,phones,s,0.55,0.7,0.1499999999999999
ISLE_SESS0131_BLOCKD02_01_sprt1,phones,aj,0.7,0.8,0.10000000000000009
ISLE_SESS0131_BLOCKD02_01_sprt1,phones,d,0.8,0.92,0.12
ISLE_SESS0131_BLOCKD02_01_sprt1,phones,ʋ,0.92,0.99,0.06999999999999995
ISLE_SESS0131_BLOCKD02_01_sprt1,phones,aj,0.99,1.18,0.18999999999999995
ISLE_SESS0131_BLOCKD02_01_sprt1,phones,ʈ,1.18,1.49,0.31000000000000005
ISLE_SESS0131_BLOCKD02_01_sprt1,phones,n,1.49,1.55,0.06000000000000005
ISLE_SESS0131_BLOCKD02_01_sprt1,phones,a,1.55,1.63,0.07999999999999985
ISLE_SESS0131_BLOCKD02_01_sprt1,phones,t,1.63,1.7,0.07000000000000006
ISLE_SESS0131_BLOCKD02_01_sprt1,phones,b,1.7,1.84,0.14000000000000012
ISLE_SESS0131_BLOCKD02_01_sprt1,phones,e,1.84,2.05,0.20999999999999974
ISLE_SESS0131_BLOCKD02_01_sprt1,phones,t,2.05,2.11,0.06000000000000005
ISLE_SESS0131_BLOCKD02_03_sprt1,phones,aj,0.2,0.3,0.09999999999999998
ISLE_SESS0131_BLOCKD02_03_sprt1,phones,s,0.3,0.43,0.13
ISLE_SESS0131_BLOCKD02_03_sprt1,phones,aj,0.43,0.51,0.08000000000000002
ISLE_SESS0131_BLOCKD02_03_sprt1,phones,d,0.51,0.66,0.15000000000000002
ISLE_SESS0131_BLOCKD02_03_sprt1,phones,b,0.66,0.7,0.039999999999999925
ISLE_SESS0131_BLOCKD02_03_sprt1,phones,a,0.7,0.92,0.22000000000000008
ISLE_SESS0131_BLOCKD02_03_sprt1,phones,d,0.92,1.14,0.21999999999999986
ISLE_SESS0131_BLOCKD02_03_sprt1,phones,n,1.14,1.25,0.1100000000000001
ISLE_SESS0131_BLOCKD02_03_sprt1,phones,a,1.25,1.33,0.08000000000000007
ISLE_SESS0131_BLOCKD02_03_sprt1,phones,t,1.33,1.47,0.1399999999999999
ISLE_SESS0131_BLOCKD02_03_sprt1,phones,b,1.47,1.6,0.13000000000000012
ISLE_SESS0131_BLOCKD02_03_sprt1,phones,ɛ,1.6,1.79,0.18999999999999995
ISLE_SESS0131_BLOCKD02_03_sprt1,phones,d,1.79,2.04,0.25
ISLE_SESS0131_BLOCKD02_02_sprt1,phones,aj,0.61,0.71,0.09999999999999998
ISLE_SESS0131_BLOCKD02_02_sprt1,phones,s,0.71,0.87,0.16000000000000003
ISLE_SESS0131_BLOCKD02_02_sprt1,phones,aj,0.87,0.96,0.08999999999999997
ISLE_SESS0131_BLOCKD02_02_sprt1,phones,d,0.96,1.01,0.050000000000000044
ISLE_SESS0131_BLOCKD02_02_sprt1,phones,ɲ,1.01,1.18,0.16999999999999993
ISLE_SESS0131_BLOCKD02_02_sprt1,phones,uː,1.18,1.34,0.16000000000000014
ISLE_SESS0131_BLOCKD02_02_sprt1,phones,n,1.34,1.54,0.19999999999999996
ISLE_SESS0131_BLOCKD02_02_sprt1,phones,a,1.54,1.62,0.08000000000000007
ISLE_SESS0131_BLOCKD02_02_sprt1,phones,t,1.62,1.75,0.1299999999999999
ISLE_SESS0131_BLOCKD02_02_sprt1,phones,n,1.75,1.87,0.1200000000000001
ISLE_SESS0131_BLOCKD02_02_sprt1,phones,əw,1.87,2.17,0.2999999999999998
F2BJRLP1,phones,ʋ,0.53,0.62,0.08999999999999997
F2BJRLP1,phones,ɒ,0.62,0.75,0.13
F2BJRLP1,phones,n,0.75,0.79,0.040000000000000036
F2BJRLP1,phones,ʈʲ,0.79,0.88,0.08999999999999997
F2BJRLP1,phones,ɪ,0.88,0.97,0.08999999999999997
F2BJRLP1,phones,ɖ,0.97,1.12,0.15000000000000013
F2BJRLP1,phones,tʃ,1.28,1.41,0.1299999999999999
F2BJRLP1,phones,iː,1.41,1.48,0.07000000000000006
F2BJRLP1,phones,f,1.48,1.58,0.10000000000000009
F2BJRLP1,phones,dʒ,1.58,1.66,0.07999999999999985
F2BJRLP1,phones,ɐ,1.66,1.75,0.09000000000000008
F2BJRLP1,phones,s,1.75,1.82,0.07000000000000006
F2BJRLP1,phones,tʲ,1.82,1.88,0.05999999999999983
F2BJRLP1,phones,ɪ,1.88,1.97,0.09000000000000008
F2BJRLP1,phones,s,1.97,2.1,0.13000000000000012
F2BJRLP1,phones,ɒ,2.1,2.17,0.06999999999999984
F2BJRLP1,phones,v,2.17,2.22,0.050000000000000266
F2BJRLP1,phones,ð,2.22,2.26,0.03999999999999959
F2BJRLP1,phones,a,2.26,2.31,0.050000000000000266
F2BJRLP1,phones,m,2.31,2.38,0.06999999999999984
F2BJRLP1,phones,a,2.38,2.48,0.10000000000000009
F2BJRLP1,phones,s,2.48,2.57,0.08999999999999986
F2BJRLP1,phones,ə,2.57,2.6,0.03000000000000025
F2BJRLP1,phones,tʃ,2.6,2.73,0.1299999999999999
F2BJRLP1,phones,ʉː,2.73,2.79,0.06000000000000005
F2BJRLP1,phones,s,2.79,2.9,0.10999999999999988
F2BJRLP1,phones,ɪ,2.9,2.95,0.050000000000000266
F2BJRLP1,phones,t,2.95,3.01,0.05999999999999961
F2BJRLP1,phones,s,3.01,3.04,0.03000000000000025
F2BJRLP1,phones,s,3.04,3.1,0.06000000000000005
F2BJRLP1,phones,j,3.1,3.13,0.029999999999999805
F2BJRLP1,phones,uː,3.13,3.16,0.03000000000000025
F2BJRLP1,phones,p,3.16,3.26,0.09999999999999964
F2BJRLP1,phones,ɹ,3.26,3.31,0.050000000000000266
F2BJRLP1,phones,iː,3.31,3.39,0.08000000000000007
F2BJRLP1,phones,m,3.39,3.44,0.04999999999999982
F2BJRLP1,phones,k,3.44,3.61,0.16999999999999993
F2BJRLP1,phones,ɒː,3.61,3.75,0.14000000000000012
F2BJRLP1,phones,ʈ,3.75,3.85,0.10000000000000009
F2BJRLP1,phones,i,4.16,4.24,0.08000000000000007
F2BJRLP1,phones,n,4.24,4.28,0.040000000000000036
F2BJRLP1,phones,e,4.28,4.4,0.1200000000000001
F2BJRLP1,phones,p,4.4,4.49,0.08999999999999986
F2BJRLP1,phones,ɹ,4.49,4.52,0.02999999999999936
F2BJRLP1,phones,i,4.52,4.55,0.03000000000000025
F2BJRLP1,phones,ɫ,4.55,4.63,0.08000000000000007
F2BJRLP1,phones,ð,4.63,4.69,0.0600000000000005
F2BJRLP1,phones,a,4.69,4.81,0.11999999999999922
F2BJRLP1,phones,ɛ,4.81,4.86,0.05000000000000071
F2BJRLP1,phones,s,4.86,4.95,0.08999999999999986
F2BJRLP1,phones,dʒ,4.95,5.03,0.08000000000000007
F2BJRLP1,phones,e,5.03,5.12,0.08999999999999986
F2BJRLP1,phones,s,5.12,5.25,0.1299999999999999
F2BJRLP1,phones,iː,5.25,5.31,0.05999999999999961
F2BJRLP1,phones,i,5.31,5.35,0.040000000000000036
F2BJRLP1,phones,z,5.35,5.44,0.09000000000000075
F2BJRLP1,phones,k,5.44,5.55,0.10999999999999943
F2BJRLP1,phones,ə,5.55,5.58,0.03000000000000025
F2BJRLP1,phones,ɹ,5.58,5.64,0.05999999999999961
F2BJRLP1,phones,ə,5.64,5.72,0.08000000000000007
F2BJRLP1,phones,n,5.72,5.75,0.03000000000000025
F2BJRLP1,phones,ʈ,5.75,5.79,0.040000000000000036
F2BJRLP1,phones,ʎ,5.79,5.86,0.07000000000000028
F2BJRLP1,phones,iː,5.86,5.92,0.05999999999999961
F2BJRLP1,phones,d,5.92,5.98,0.0600000000000005
F2BJRLP1,phones,a,5.98,6.16,0.17999999999999972
F2BJRLP1,phones,ɛ,6.19,6.28,0.08999999999999986
F2BJRLP1,phones,d,6.28,6.33,0.04999999999999982
F2BJRLP1,phones,w,6.33,6.4,0.07000000000000028
F2BJRLP1,phones,a,6.4,6.44,0.040000000000000036
F2BJRLP1,phones,d,6.44,6.48,0.040000000000000036
F2BJRLP1,phones,h,6.48,6.57,0.08999999999999986
F2BJRLP1,phones,ɛ,6.57,6.62,0.04999999999999982
F2BJRLP1,phones,n,6.62,6.65,0.03000000000000025
F2BJRLP1,phones,ə,6.65,6.71,0.05999999999999961
F2BJRLP1,phones,s,6.71,6.83,0.1200000000000001
F2BJRLP1,phones,i,6.83,6.97,0.13999999999999968
F2BJRLP1,phones,ɹ,7.36,7.42,0.05999999999999961
F2BJRLP1,phones,iː,7.42,7.46,0.040000000000000036
F2BJRLP1,phones,tʃ,7.46,7.55,0.08999999999999986
F2BJRLP1,phones,ɛ,7.55,7.6,0.04999999999999982
F2BJRLP1,phones,z,7.6,7.7,0.10000000000000053
F2BJRLP1,phones,ð,7.7,7.74,0.040000000000000036
F2BJRLP1,phones,a,7.74,7.79,0.04999999999999982
F2BJRLP1,phones,m,7.79,7.85,0.05999999999999961
F2BJRLP1,phones,a,7.85,7.96,0.11000000000000032
F2BJRLP1,phones,n,7.96,7.99,0.03000000000000025
F2BJRLP1,phones,d,7.99,8.03,0.03999999999999915
F2BJRLP1,phones,a,8.03,8.06,0.030000000000001137
F2BJRLP1,phones,t,8.06,8.18,0.11999999999999922
F2BJRLP1,phones,ɔ,8.18,8.22,0.040000000000000924
F2BJRLP1,phones,ɹ,8.22,8.33,0.10999999999999943
F2BJRLP1,phones,i,8.33,8.41,0.08000000000000007
F2BJRLP1,phones,ɹ,8.41,8.48,0.07000000000000028
F2BJRLP1,phones,ə,8.48,8.55,0.07000000000000028
F2BJRLP1,phones,ʈ,8.55,8.65,0.09999999999999964
F2BJRLP1,phones,aj,8.65,8.79,0.1399999999999988
F2BJRLP1,phones,ə,8.79,8.84,0.05000000000000071
F2BJRLP1,phones,m,8.84,8.89,0.05000000000000071
F2BJRLP1,phones,ɛ,8.89,8.95,0.05999999999999872
F2BJRLP1,phones,n,8.95,8.98,0.030000000000001137
F2BJRLP1,phones,ʈ,8.98,9.04,0.05999999999999872
F2BJRLP1,phones,e,9.04,9.18,0.14000000000000057
F2BJRLP1,phones,dʒ,9.18,9.27,0.08999999999999986
F2BJRLP1,phones,ɒ,9.27,9.32,0.05000000000000071
F2BJRLP1,phones,v,9.32,9.37,0.049999999999998934
F2BJRLP1,phones,s,9.37,9.49,0.120000000000001
F2BJRLP1,phones,ɛ,9.49,9.56,0.07000000000000028
F2BJRLP1,phones,v,9.56,9.62,0.05999999999999872
F2BJRLP1,phones,ə,9.62,9.67,0.05000000000000071
F2BJRLP1,phones,n,9.67,9.72,0.05000000000000071
F2BJRLP1,phones,tʲ,9.72,9.76,0.03999999999999915
F2BJRLP1,phones,i,9.76,9.99,0.23000000000000043
F2BJRLP1,phones,a,10.07,10.15,0.08000000000000007
F2BJRLP1,phones,n,10.15,10.2,0.049999999999998934
F2BJRLP1,phones,a,10.2,10.24,0.040000000000000924
F2BJRLP1,phones,s,10.24,10.37,0.129999999999999
F2BJRLP1,phones,ɐ,10.37,10.41,0.040000000000000924
F2BJRLP1,phones,k,10.41,10.45,0.03999999999999915
F2BJRLP1,phones,s,10.45,10.55,0.10000000000000142
F2BJRLP1,phones,ɛ,10.55,10.62,0.06999999999999851
F2BJRLP1,phones,s,10.62,10.74,0.120000000000001
F2BJRLP1,phones,ɒː,10.74,10.78,0.03999999999999915
F2BJRLP1,phones,i,10.78,10.9,0.120000000000001
F2BJRLP1,phones,z,10.9,10.99,0.08999999999999986
F2BJRLP1,phones,ɛ,10.99,11.03,0.03999999999999915
F2BJRLP1,phones,k,11.03,11.09,0.0600000000000005
F2BJRLP1,phones,s,11.09,11.17,0.08000000000000007
F2BJRLP1,phones,p,11.17,11.22,0.05000000000000071
F2BJRLP1,phones,ɛ,11.22,11.28,0.05999999999999872
F2BJRLP1,phones,k,11.28,11.34,0.0600000000000005
F2BJRLP1,phones,t,11.34,11.39,0.05000000000000071
F2BJRLP1,phones,ɛ,11.39,11.42,0.02999999999999936
F2BJRLP1,phones,d,11.42,11.52,0.09999999999999964
F2BJRLP1,phones,ə,11.52,11.55,0.030000000000001137
F2BJRLP1,phones,bʲ,11.55,11.59,0.03999999999999915
F2BJRLP1,phones,i,11.59,11.65,0.0600000000000005
F2BJRLP1,phones,n,11.65,11.74,0.08999999999999986
F2BJRLP1,phones,e,11.74,11.9,0.16000000000000014
F2BJRLP1,phones,m,11.9,11.96,0.0600000000000005
F2BJRLP1,phones,d,11.96,12.01,0.049999999999998934
F2BJRLP1,phones,i,12.01,12.06,0.05000000000000071
F2BJRLP1,phones,n,12.06,12.15,0.08999999999999986
F2BJRLP1,phones,m,12.15,12.19,0.03999999999999915
F2BJRLP1,phones,ɑ,12.19,12.28,0.08999999999999986
F2BJRLP1,phones,ɹ,12.28,12.39,0.11000000000000121
F2BJRLP1,phones,tʃ,12.39,12.62,0.22999999999999865
F2BJRLP1,phones,i,13.01,13.07,0.0600000000000005
F2BJRLP1,phones,t,13.07,13.11,0.03999999999999915
F2BJRLP1,phones,m,13.11,13.16,0.05000000000000071
F2BJRLP1,phones,e,13.16,13.25,0.08999999999999986
F2BJRLP1,phones,bʲ,13.25,13.3,0.05000000000000071
F2BJRLP1,phones,i,13.3,13.38,0.08000000000000007
F2BJRLP1,phones,ð,13.38,13.42,0.03999999999999915
F2BJRLP1,phones,a,13.42,13.45,0.02999999999999936
F2BJRLP1,phones,m,13.45,13.52,0.07000000000000028
F2BJRLP1,phones,əw,13.52,13.6,0.08000000000000007
F2BJRLP1,phones,s,13.6,13.67,0.07000000000000028
F2BJRLP1,phones,t,13.67,13.72,0.05000000000000071
F2BJRLP1,phones,ɪ,13.72,13.75,0.02999999999999936
F2BJRLP1,phones,m,13.75,13.81,0.0600000000000005
F2BJRLP1,phones,p,13.81,13.91,0.09999999999999964
F2BJRLP1,phones,ɒː,13.91,14.02,0.10999999999999943
F2BJRLP1,phones,ʈ,14.02,14.05,0.030000000000001137
F2BJRLP1,phones,ə,14.05,14.1,0.049999999999998934
F2BJRLP1,phones,n,14.1,14.13,0.030000000000001137
F2BJRLP1,phones,ʈ,14.13,14.16,0.02999999999999936
F2BJRLP1,phones,a,14.16,14.21,0.05000000000000071
F2BJRLP1,phones,pʰ,14.21,14.34,0.129999999999999
F2BJRLP1,phones,ɔj,14.34,14.45,0.10999999999999943
F2BJRLP1,phones,n,14.45,14.48,0.030000000000001137
F2BJRLP1,phones,t,14.48,14.51,0.02999999999999936
F2BJRLP1,phones,m,14.51,14.56,0.05000000000000071
F2BJRLP1,phones,ɛ,14.56,14.64,0.08000000000000007
F2BJRLP1,phones,n,14.64,14.69,0.049999999999998934
F2BJRLP1,phones,t,14.69,14.79,0.09999999999999964
F2BJRLP1,phones,ɡ,14.79,14.85,0.0600000000000005
F2BJRLP1,phones,ɐ,14.85,14.91,0.0600000000000005
F2BJRLP1,phones,v,14.91,14.97,0.0600000000000005
F2BJRLP1,phones,ə,14.97,15.02,0.049999999999998934
F2BJRLP1,phones,n,15.02,15.07,0.05000000000000071
F2BJRLP1,phones,ə,15.07,15.13,0.0600000000000005
F2BJRLP1,phones,m,15.13,15.19,0.05999999999999872
F2BJRLP1,phones,aj,15.19,15.31,0.120000000000001
F2BJRLP1,phones,k,15.31,15.38,0.07000000000000028
F2BJRLP1,phones,ə,15.38,15.41,0.02999999999999936
F2BJRLP1,phones,l,15.41,15.45,0.03999999999999915
F2BJRLP1,phones,spn,15.45,16.0,0.5500000000000007
F2BJRLP1,phones,m,16.0,16.06,0.05999999999999872
F2BJRLP1,phones,e,16.06,16.23,0.1700000000000017
F2BJRLP1,phones,k,16.23,16.3,0.07000000000000028
F2BJRLP1,phones,s,16.3,16.41,0.10999999999999943
F2BJRLP1,phones,d,16.71,16.76,0.05000000000000071
F2BJRLP1,phones,ɝ,16.76,16.83,0.06999999999999673
F2BJRLP1,phones,ɪ,16.83,16.9,0.07000000000000028
F2BJRLP1,phones,ŋ,16.9,16.95,0.05000000000000071
F2BJRLP1,phones,ð,16.95,16.98,0.030000000000001137
F2BJRLP1,phones,a,16.98,17.02,0.03999999999999915
F2BJRLP1,phones,ɹ,17.02,17.08,0.05999999999999872
F2BJRLP1,phones,ə,17.08,17.12,0.0400000000000027
F2BJRLP1,phones,m,17.12,17.22,0.09999999999999787
F2BJRLP1,phones,eː,17.22,17.34,0.120000000000001
F2BJRLP1,phones,n,17.34,17.37,0.030000000000001137
F2BJRLP1,phones,ɖ,17.37,17.42,0.05000000000000071
F2BJRLP1,phones,ə,17.42,17.51,0.08999999999999986
F2BJRLP1,phones,ɒ,17.51,17.55,0.03999999999999915
F2BJRLP1,phones,v,17.55,17.59,0.03999999999999915
F2BJRLP1,phones,ç,17.59,17.64,0.05000000000000071
F2BJRLP1,phones,i,17.64,17.69,0.05000000000000071
F2BJRLP1,phones,z,17.69,17.77,0.0799999999999983
F2BJRLP1,phones,a,17.77,17.81,0.03999999999999915
F2BJRLP1,phones,d,17.81,17.87,0.060000000000002274
F2BJRLP1,phones,mʲ,17.87,17.93,0.05999999999999872
F2BJRLP1,phones,i,17.93,17.96,0.030000000000001137
F2BJRLP1,phones,n,17.96,17.99,0.029999999999997584
F2BJRLP1,phones,i,17.99,18.05,0.060000000000002274
F2BJRLP1,phones,s,18.05,18.14,0.08999999999999986
F2BJRLP1,phones,t,18.14,18.21,0.07000000000000028
F2BJRLP1,phones,ɹ,18.21,18.25,0.03999999999999915
F2BJRLP1,phones,e,18.25,18.34,0.08999999999999986
F2BJRLP1,phones,ʃ,18.34,18.49,0.14999999999999858
F2BJRLP1,phones,ɔ,18.49,18.54,0.05000000000000071
F2BJRLP1,phones,n,18.54,18.67,0.13000000000000256
F2BJRLP1,phones,a,18.77,18.89,0.120000000000001
F2BJRLP1,phones,n,18.89,18.96,0.07000000000000028
F2BJRLP1,phones,ʋ,18.96,19.07,0.10999999999999943
F2BJRLP1,phones,ɒ,19.07,19.14,0.07000000000000028
F2BJRLP1,phones,n,19.14,19.18,0.03999999999999915
F2BJRLP1,phones,ɒ,19.18,19.24,0.05999999999999872
F2BJRLP1,phones,v,19.24,19.27,0.030000000000001137
F2BJRLP1,phones,ð,19.27,19.32,0.05000000000000071
F2BJRLP1,phones,a,19.32,19.35,0.030000000000001137
F2BJRLP1,phones,ʈ,19.35,19.45,0.09999999999999787
F2BJRLP1,phones,ə,19.45,19.57,0.120000000000001
F2BJRLP1,phones,f,19.57,19.62,0.05000000000000071
F2BJRLP1,phones,s,19.62,19.65,0.029999999999997584
F2BJRLP1,phones,ʈ,19.65,19.68,0.030000000000001137
F2BJRLP1,phones,a,19.68,19.76,0.08000000000000185
F2BJRLP1,phones,s,19.76,19.92,0.16000000000000014
F2BJRLP1,phones,spn,20.37,21.33,0.9599999999999973
F2BJRLP1,phones,i,21.33,21.36,0.030000000000001137
F2BJRLP1,phones,z,21.36,21.43,0.07000000000000028
F2BJRLP1,phones,m,21.43,21.5,0.07000000000000028
F2BJRLP1,phones,ɑː,21.5,21.61,0.10999999999999943
F2BJRLP1,phones,ɡ,21.61,21.67,0.060000000000002274
F2BJRLP1,phones,əw,21.67,21.75,0.0799999999999983
F2BJRLP1,phones,spn,21.75,22.28,0.5300000000000011
F2BJRLP1,phones,ɹ,22.28,22.34,0.05999999999999872
F2BJRLP1,phones,ɪ,22.34,22.4,0.05999999999999872
F2BJRLP1,phones,p,22.4,22.52,0.120000000000001
F2BJRLP1,phones,ɒː,22.52,22.67,0.15000000000000213
F2BJRLP1,phones,ʈ,22.67,22.77,0.09999999999999787
F2BJRLP1,phones,s,22.77,22.88,0.10999999999999943
F2BJRLP1,phones,h,22.93,23.02,0.08999999999999986
F2BJRLP1,phones,ɛ,23.02,23.06,0.03999999999999915
F2BJRLP1,phones,n,23.06,23.09,0.030000000000001137
F2BJRLP1,phones,ə,23.09,23.15,0.05999999999999872
F2BJRLP1,phones,s,23.15,23.28,0.13000000000000256
F2BJRLP1,phones,i,23.28,23.36,0.0799999999999983
F2BJRLP1,phones,ʋ,23.36,23.43,0.07000000000000028
F2BJRLP1,phones,ɪ,23.43,23.47,0.03999999999999915
F2BJRLP1,phones,l,23.47,23.5,0.030000000000001137
F2BJRLP1,phones,bʲ,23.5,23.57,0.07000000000000028
F2BJRLP1,phones,i,23.57,23.69,0.120000000000001
F2BJRLP1,phones,a,23.69,23.78,0.08999999999999986
F2BJRLP1,phones,h,23.78,23.91,0.129999999999999
F2BJRLP1,phones,a,23.91,24.04,0.129999999999999
F2BJRLP1,phones,d,24.04,24.08,0.03999999999999915
F2BJRLP1,phones,a,24.08,24.25,0.1700000000000017
F2BJRLP1,phones,k,24.25,24.47,0.21999999999999886
F2BJRLP1,phones,t,24.47,24.54,0.07000000000000028
F2BJRLP1,phones,ə,24.54,24.58,0.03999999999999915
F2BJRLP1,phones,f,24.58,24.7,0.120000000000001
F2BJRLP1,phones,ɒ,24.7,24.85,0.15000000000000213
F2BJRLP1,phones,l,24.85,24.89,0.03999999999999915
F2BJRLP1,phones,əw,24.89,25.01,0.120000000000001
